Nombre,Zona,Teléfono,Web,Categoría,Señales,¿Prospecto?
"Estudio Contable Digital","Villa del Parque","+54 11 2845-0195","","SIN WEB ★★★","",SI
"Estudio Contable Sanseau","Belgrano","+54 9 11 2521-1831","","SIN WEB ★★★","",SI
"Estudio Contable DLC","Villa del Parque","+54 11 5693-5638","","SIN WEB ★★★","",SI
"ACP Estudio Jurídico Contable","Congreso","+54 11 5760-7128","","SIN WEB ★★★","",SI
"Estudio Contable Roldán & Asociados","Liniers","+54 11 6800-7249","","SIN WEB ★★★","",SI
"Estudio Contable Santiago","Mataderos","+54 11 4046-7189","","SIN WEB ★★★","",SI
"RGA Estudio Contable","Boedo","+54 11 2394-2199","","SIN WEB ★★★","",SI
"Estudio Contable S&G","Microcentro","+54 11 2618-9955","","SIN WEB ★★★","",SI
"Estudio Contable ECG","Belgrano","+54 9 11 2506-0295","","SIN WEB ★★★","",SI
"Estudio Contable Frachia","Villa del Parque","+54 11 3372-4759","","SIN WEB ★★★","",SI
"MyContador","Belgrano","+54 9 11 6427-9989","","SIN WEB ★★★","",SI
"Asesorías Contables Crámer","Belgrano","+54 11 3282-6985","","SIN WEB ★★★","",SI
"Calim Estudio Contable Digital","Belgrano","+54 11 7079-3517","","SIN WEB ★★★","",SI
"Consultora Stivala","Belgrano","+54 9 11 5151-7079","","SIN WEB ★★★","",SI
"ESTUDIO CONTABLE BRENNER","Belgrano","+54 11 4917-7230","","SIN WEB ★★★","",SI
"ESTUDIO GFA","Belgrano","+54 11 5352-7673","","SIN WEB ★★★","",SI
"Lozano Flores – Estudio Contable","Belgrano","+54 11 5402-1644","","SIN WEB ★★★","",SI
"Estudio Contable Impositivo","Belgrano","+54 9 11 3323-9609","","SIN WEB ★★★","",SI
"LA VISTA CASAL","Belgrano","+54 11 3987-8266","","SIN WEB ★★★","",SI
"Estudio Contable Greco","Caballito","+54 11 3680-2121","","SIN WEB ★★★","",SI
"Estudio Contable Varela","Caballito","+54 11 5698-1326","","SIN WEB ★★★","",SI
"Dra. Julia V. Varela","Flores","+54 11 4350-4907","","SIN WEB ★★★","",SI
"Tax Bookkeeping","Flores","+54 11 2010-7776","","SIN WEB ★★★","",SI
"Chanuar Estudio Contable","Flores","+54 11 4612-4062","","SIN WEB ★★★","",SI
"CVB Consultoría","Microcentro","+54 11 5258-8252","","SIN WEB ★★★","",SI
"Estudio Contable MC","Palermo","+54 11 4840-7160","","SIN WEB ★★★","",SI
"Estudio Contable Lutenberg","Núñez","+54 9 11 6467-9928","","SIN WEB ★★★","",SI
"Estudio Caliri – Contadores Públicos","Flores","+54 11 4064-2979","","SIN WEB ★★★","",SI
"ESTUDIO CONTABLE PIACENTINI","Villa del Parque","+54 11 5143-5065","","SIN WEB ★★★","",SI
"Lozano Flores – Microcentro","Microcentro","+54 11 5402-1644","","SIN WEB ★★★","",SI
"Estudio Contable FAR","Microcentro","+54 11 5272-6133","","SIN WEB ★★★","",SI
"Andrea Pasquini Contadora Pública","Caballito","+54 11 6650-7784","","SIN WEB ★★★","",SI